,ticker,total_msg,acctg_msg,rh50,cq,pq,cq_rev,pq_rev,cq_ni,pq_ni,cq_cash,pq_cash,cq_ocf,pq_ocf
0,GME,6585,1593,1,2021-01-30,2020-10-31,2122100000.0,1004700000.0,80500000.0,-18800000.0,508500000.0,445900000.0,164800000.0,-184600000.0
1,BB,978,83,1,2021-02-28,2020-11-30,210000000.0,218000000.0,-315000000.0,-130000000.0,214000000.0,223000000.0,52000000.0,30000000.0
2,AMC,2213,443,1,2020-12-31,2020-09-30,162500000.0,119500000.0,-945800000.0,-905800000.0,308300000.0,417900000.0,-357900000.0,-355700000.0
3,NOK,785,188,1,2020-12-31,2020-09-30,6553000000.0,5294000000.0,-2693000000.0,193000000.0,6940000000.0,6836000000.0,879000000.0,413000000.0
4,TD,274,126,0,2021-01-31,2020-10-31,10499000000.0,10927000000.0,3277000000.0,5143000000.0,6077000000.0,4551000000.0,10883000000.0,-18313000000.0
5,TSLA,290,232,0,2020-12-31,2020-09-30,10744000000.0,8771000000.0,270000000.0,331000000.0,19384000000.0,14531000000.0,3019000000.0,2400000000.0
6,PLTR,252,86,0,,,,,,,,,,
7,RH,857,145,0,2021-01-30,2020-10-31,812436000.0,844013000.0,130193000.0,46411000.0,100446000.0,89884000.0,153507000.0,218988000.0
8,AMD,156,122,1,2020-12-26,2020-09-26,3244000000.0,2801000000.0,1781000000.0,390000000.0,1595000000.0,1296000000.0,554000000.0,339000000.0
9,NIO,107,53,0,2020-12-31,2020-09-30,6641091000.0,4525960000.0,-1492170000.0,-1187936000.0,38425541000.0,19327717000.0,2147606000.0,326395000.0
10,NAKD,146,19,1,2020-07-31,2020-04-30,17282000.0,17282000.0,-9227000.0,-9227000.0,18119000.0,18119000.0,189000.0,189000.0
11,SNDL,146,40,1,2020-12-31,2020-09-30,13853000.0,12865000.0,-64059000.0,-71386000.0,60376000.0,21044000.0,-12242000.0,-20057000.0
12,AAL,84,12,1,2020-12-31,2020-09-30,4028000000.0,3173000000.0,-2178000000.0,-2399000000.0,245000000.0,253000000.0,-2863000000.0,-2604000000.0
13,RKT,255,162,1,2020-12-31,2020-09-30,4781885000.0,4703482000.0,140048000.0,57903000.0,1971085000.0,3485137000.0,1984250000.0,-1738320000.0
14,UWMC,85,47,0,2020-12-31,2020-09-30,1814753000.0,1834525000.0,1371791000.0,1450883000.0,1223837000.0,755795000.0,-1333746000.0,1579434000.0
